First_FileName,Consecutive_FileNames,Sentence1_Gold_EmoClass,Sentence1_Gold_EmoVal,Sentence2_Gold_EmoClass,Sentence2_Gold_EmoVal,Sentence3_Gold_EmoClass,Sentence3_Gold_EmoVal,Sentence4_Gold_EmoClass,Sentence4_Gold_EmoVal,Sentence5_Gold_EmoClass,Sentence5_Gold_EmoVal,Gold_Spans,Annot1,Annot2,Annot3,FileWordRanges,Sentence1_WordRange,Sentence2_WordRange,Sentence3_WordRange,Sentence4_WordRange,Sentence5_WordRange
MSP-PODCAST_0202_0069.wav,"[""MSP-PODCAST_0202_0069.wav"", ""MSP-PODCAST_0202_0070.wav""]",neutral,neutral,neutral,neutral,neutral,neutral,surprise,neutral,happy,positive,"[[38, 43]]",[],"[[1, 17]]","[[26, 32]]","[[0, 26], [26, 43]]","[0, 1]","[1, 16]","[16, 26]","[26, 38]","[38, 43]"
MSP-PODCAST_0190_0047.wav,"[""MSP-PODCAST_0190_0047.wav"", ""MSP-PODCAST_0190_0048.wav""]",disgust,negative,angry,negative,sad,negative,sad,negative,sad,negative,"[[7, 13], [24, 34]]","[[24, 31]]","[[27, 34]]","[[26, 34]]","[[0, 13], [13, 34]]","[0, 13]","[13, 18]","[18, 24]","[24, 26]","[26, 34]"
MSP-PODCAST_0147_0191.wav,"[""MSP-PODCAST_0147_0191.wav"", ""MSP-PODCAST_0147_0192.wav"", ""MSP-PODCAST_0147_0193.wav""]",sad,negative,neutral,neutral,sad,negative,sad,negative,sad,negative,"[[37, 50]]","[[46, 50]]","[[26, 50]]","[[46, 50]]","[[0, 13], [13, 42], [42, 82]]","[6, 13]","[13, 18]","[18, 26]","[26, 46]","[46, 50]"
MSP-PODCAST_0202_0030.wav,"[""MSP-PODCAST_0202_0030.wav"", ""MSP-PODCAST_0202_0031.wav"", ""MSP-PODCAST_0202_0032.wav""]",neutral,neutral,neutral,neutral,happy,positive,neutral,neutral,happy,positive,"[[30, 65]]",[],"[[21, 53]]","[[30, 43]]","[[0, 20], [20, 50], [50, 73]]","[0, 2]","[2, 20]","[20, 50]","[50, 53]","[53, 65]"
MSP-PODCAST_0772_0103.wav,"[""MSP-PODCAST_0772_0103.wav""]",neutral,neutral,neutral,neutral,happy,positive,happy,positive,surprise,positive,"[[12, 23]]","[[11, 24]]","[[11, 24]]","[[12, 23]]","[[0, 38]]","[0, 6]","[6, 12]","[12, 18]","[18, 23]","[23, 38]"
MSP-PODCAST_0081_0031.wav,"[""MSP-PODCAST_0081_0031.wav""]",happy,positive,surprise,positive,happy,positive,neutral,neutral,surprise,positive,"[[0, 1], [10, 15], [17, 25]]",[],"[[0, 15]]","[[0, 1], [17, 25]]","[[0, 27]]","[0, 1]","[1, 10]","[10, 15]","[15, 17]","[17, 25]"
MSP-PODCAST_0114_0204.wav,"[""MSP-PODCAST_0114_0204.wav"", ""MSP-PODCAST_0114_0205.wav"", ""MSP-PODCAST_0114_0206.wav""]",fear,negative,neutral,neutral,neutral,neutral,neutral,neutral,neutral,neutral,"[[0, 11]]",[],[],"[[19, 24]]","[[0, 11], [11, 19], [19, 39]]","[0, 11]","[11, 17]","[19, 24]","[24, 38]","[38, 39]"
MSP-PODCAST_0190_0001.wav,"[""MSP-PODCAST_0190_0001.wav"", ""MSP-PODCAST_0190_0002.wav""]",happy,positive,neutral,neutral,neutral,neutral,neutral,neutral,neutral,neutral,"[[0, 3], [9, 31]]","[[18, 22]]","[[9, 22]]","[[0, 3], [9, 12], [17, 22], [25, 31]]","[[0, 22], [22, 50]]","[0, 3]","[3, 9]","[9, 17]","[17, 22]","[22, 31]"
MSP-PODCAST_0147_0252.wav,"[""MSP-PODCAST_0147_0252.wav"", ""MSP-PODCAST_0147_0253.wav"", ""MSP-PODCAST_0147_0254.wav"", ""MSP-PODCAST_0147_0255.wav""]",sad,negative,surprise,negative,neutral,neutral,neutral,neutral,neutral,neutral,"[[0, 7], [33, 54]]",[],"[[0, 7]]","[[0, 32], [49, 54]]","[[0, 21], [21, 33], [33, 49], [49, 61]]","[0, 7]","[9, 21]","[21, 32]","[33, 49]","[49, 54]"
MSP-PODCAST_0114_0302.wav,"[""MSP-PODCAST_0114_0302.wav"", ""MSP-PODCAST_0114_0303.wav"", ""MSP-PODCAST_0114_0304.wav""]",neutral,neutral,neutral,neutral,angry,negative,angry,negative,angry,negative,"[[31, 47]]",[],"[[31, 47]]","[[31, 47]]","[[0, 23], [23, 29], [29, 47]]","[0, 23]","[23, 29]","[29, 31]","[31, 37]","[37, 47]"
MSP-PODCAST_2198_0316.wav,"[""MSP-PODCAST_2198_0316.wav"", ""MSP-PODCAST_2198_0317.wav"", ""MSP-PODCAST_2198_0318.wav""]",happy,positive,happy,positive,happy,positive,happy,positive,neutral,neutral,"[[19, 48]]",[],"[[2, 18]]","[[0, 4], [18, 19]]","[[0, 18], [18, 33], [33, 48]]","[0, 18]","[18, 19]","[19, 33]","[33, 34]","[34, 48]"
MSP-PODCAST_0114_0295.wav,"[""MSP-PODCAST_0114_0295.wav"", ""MSP-PODCAST_0114_0296.wav"", ""MSP-PODCAST_0114_0297.wav""]",sad,negative,happy,positive,happy,positive,happy,positive,neutral,neutral,"[[12, 17]]","[[17, 22]]","[[17, 20]]","[[17, 20]]","[[0, 17], [17, 28], [28, 34]]","[0, 12]","[12, 17]","[17, 22]","[22, 28]","[28, 34]"
MSP-PODCAST_0340_0153.wav,"[""MSP-PODCAST_0340_0153.wav"", ""MSP-PODCAST_0340_0154.wav""]",neutral,neutral,neutral,neutral,neutral,neutral,neutral,neutral,neutral,neutral,"[[16, 26]]",[],"[[16, 21], [25, 26], [46, 48]]","[[0, 53]]","[[0, 26], [26, 53]]","[0, 25]","[25, 26]","[26, 46]",[],"[46, 53]"
MSP-PODCAST_2199_0308.wav,"[""MSP-PODCAST_2199_0308.wav"", ""MSP-PODCAST_2199_0309.wav"", ""MSP-PODCAST_2199_0310.wav"", ""MSP-PODCAST_2199_0311.wav"", ""MSP-PODCAST_2199_0312.wav""]",neutral,neutral,surprise,positive,surprise,positive,neutral,neutral,neutral,neutral,"[[14, 30]]",[],"[[16, 17], [23, 27]]","[[14, 18]]","[[0, 11], [11, 23], [23, 32], [32, 49], [49, 62]]","[3, 11]","[14, 23]","[23, 30]","[32, 49]","[50, 55]"
MSP-PODCAST_2199_0414.wav,"[""MSP-PODCAST_2199_0414.wav"", ""MSP-PODCAST_2199_0415.wav"", ""MSP-PODCAST_2199_0416.wav"", ""MSP-PODCAST_2199_0417.wav"", ""MSP-PODCAST_2199_0418.wav""]",neutral,neutral,happy,positive,neutral,neutral,neutral,neutral,happy,positive,"[[52, 69]]",[],"[[14, 17], [34, 38], [68, 69]]","[[21, 30], [36, 38], [68, 69]]","[[0, 14], [14, 24], [24, 34], [34, 51], [51, 70]]","[0, 14]","[14, 24]","[24, 30]","[34, 51]","[52, 69]"
MSP-PODCAST_0147_0235.wav,"[""MSP-PODCAST_0147_0235.wav"", ""MSP-PODCAST_0147_0236.wav""]",neutral,neutral,contempt,negative,happy,positive,happy,positive,neutral,neutral,"[[29, 50]]",[],"[[29, 31]]","[[18, 19], [27, 28], [29, 31], [41, 43], [46, 47]]","[[0, 31], [31, 50]]","[16, 20]","[20, 29]","[29, 31]","[31, 46]","[46, 50]"
MSP-PODCAST_0281_0049.wav,"[""MSP-PODCAST_0281_0049.wav"", ""MSP-PODCAST_0281_0050.wav""]",neutral,neutral,fear,negative,fear,negative,neutral,neutral,happy,positive,"[[2, 7], [8, 11], [13, 21]]","[[5, 9]]","[[2, 13]]","[[2, 24]]","[[0, 9], [9, 24]]",[],"[2, 5]","[5, 9]","[9, 11]","[11, 24]"
MSP-PODCAST_2198_0285.wav,"[""MSP-PODCAST_2198_0285.wav"", ""MSP-PODCAST_2198_0286.wav"", ""MSP-PODCAST_2198_0287.wav"", ""MSP-PODCAST_2198_0288.wav""]",angry,negative,neutral,neutral,sad,negative,neutral,neutral,neutral,neutral,"[[24, 31], [36, 41]]","[[22, 33]]","[[15, 31]]","[[24, 44]]","[[0, 15], [15, 23], [23, 41], [41, 49]]","[1, 15]","[15, 23]","[24, 31]","[32, 41]","[42, 44]"
MSP-PODCAST_2197_0055.wav,"[""MSP-PODCAST_2197_0055.wav"", ""MSP-PODCAST_2197_0056.wav"", ""MSP-PODCAST_2197_0057.wav""]",neutral,neutral,neutral,neutral,neutral,neutral,sad,negative,sad,negative,"[[35, 51], [59, 64]]","[[35, 64]]","[[35, 49]]","[[30, 52], [58, 64]]","[[0, 19], [19, 35], [35, 64]]","[1, 15]","[15, 18]","[19, 30]","[30, 33]","[35, 64]"
MSP-PODCAST_0218_0038.wav,"[""MSP-PODCAST_0218_0038.wav"", ""MSP-PODCAST_0218_0039.wav""]",happy,positive,happy,positive,happy,positive,sad,negative,happy,positive,"[[16, 19]]",[],"[[16, 20]]","[[0, 4], [9, 20]]","[[0, 13], [13, 20]]","[0, 4]","[4, 9]","[9, 14]","[14, 16]","[16, 20]"
MSP-PODCAST_0147_0240.wav,"[""MSP-PODCAST_0147_0240.wav"", ""MSP-PODCAST_0147_0241.wav"", ""MSP-PODCAST_0147_0242.wav"", ""MSP-PODCAST_0147_0243.wav"", ""MSP-PODCAST_0147_0244.wav""]",sad,negative,angry,negative,angry,negative,angry,negative,angry,negative,"[[45, 48], [77, 84]]","[[68, 84]]","[[78, 84]]","[[15, 17], [69, 84]]","[[0, 20], [20, 32], [32, 48], [48, 69], [69, 97]]","[0, 20]","[20, 32]","[32, 48]","[48, 69]","[69, 84]"
MSP-PODCAST_0281_0023.wav,"[""MSP-PODCAST_0281_0023.wav"", ""MSP-PODCAST_0281_0024.wav"", ""MSP-PODCAST_0281_0025.wav"", ""MSP-PODCAST_0281_0026.wav""]",happy,positive,neutral,neutral,happy,positive,happy,positive,happy,positive,"[[4, 7]]","[[4, 7]]","[[0, 7]]","[[4, 7]]","[[0, 9], [9, 17], [17, 22], [22, 33]]","[0, 7]","[8, 9]","[9, 17]","[17, 22]","[22, 33]"
MSP-PODCAST_0340_0117.wav,"[""MSP-PODCAST_0340_0117.wav"", ""MSP-PODCAST_0340_0118.wav""]",sad,negative,sad,negative,happy,positive,happy,positive,sad,negative,"[[1, 12], [27, 35]]","[[23, 26], [37, 39]]","[[0, 12]]","[[12, 39]]","[[0, 12], [12, 39]]","[0, 12]","[12, 16]","[16, 18]","[18, 20]","[20, 39]"
MSP-PODCAST_0147_0244.wav,"[""MSP-PODCAST_0147_0244.wav"", ""MSP-PODCAST_0147_0245.wav"", ""MSP-PODCAST_0147_0246.wav"", ""MSP-PODCAST_0147_0247.wav""]",neutral,neutral,neutral,neutral,neutral,neutral,neutral,neutral,neutral,neutral,"[[51, 62], [68, 74]]","[[68, 74]]","[[62, 74]]","[[51, 74]]","[[0, 28], [28, 51], [51, 62], [62, 87]]","[15, 28]","[28, 37]","[37, 51]","[51, 62]","[62, 74]"
MSP-PODCAST_0569_0061.wav,"[""MSP-PODCAST_0569_0061.wav"", ""MSP-PODCAST_0569_0062.wav""]",fear,negative,neutral,neutral,surprise,positive,neutral,neutral,surprise,positive,[],"[[14, 18]]","[[13, 32]]","[[13, 18]]","[[0, 8], [8, 37]]","[0, 6]","[6, 8]","[9, 32]","[32, 34]","[34, 37]"
MSP-PODCAST_2198_0319.wav,"[""MSP-PODCAST_2198_0319.wav"", ""MSP-PODCAST_2198_0320.wav"", ""MSP-PODCAST_2198_0321.wav"", ""MSP-PODCAST_2198_0322.wav"", ""MSP-PODCAST_2198_0323.wav""]",neutral,neutral,happy,positive,happy,positive,happy,positive,happy,positive,"[[8, 15], [22, 29], [33, 39]]","[[22, 43]]",[],[],"[[0, 8], [8, 15], [15, 20], [20, 36], [36, 43]]","[0, 8]","[8, 15]","[16, 20]","[20, 36]","[36, 43]"
MSP-PODCAST_0281_0062.wav,"[""MSP-PODCAST_0281_0062.wav"", ""MSP-PODCAST_0281_0063.wav""]",neutral,neutral,contempt,negative,neutral,neutral,neutral,neutral,neutral,neutral,"[[4, 9]]","[[1, 4], [5, 9]]","[[17, 27]]","[[0, 4], [23, 27]]","[[0, 9], [9, 28]]","[0, 4]",[],"[4, 9]","[9, 27]","[0, 1]"
MSP-PODCAST_2198_0200.wav,"[""MSP-PODCAST_2198_0200.wav"", ""MSP-PODCAST_2198_0201.wav"", ""MSP-PODCAST_2198_0202.wav"", ""MSP-PODCAST_2198_0203.wav""]",surprise,positive,neutral,neutral,neutral,neutral,neutral,neutral,neutral,neutral,"[[14, 20]]","[[21, 26]]","[[21, 26]]",[],"[[0, 12], [12, 20], [20, 26], [26, 33]]","[1, 12]","[14, 20]","[20, 21]","[21, 26]","[26, 33]"
MSP-PODCAST_2198_0210.wav,"[""MSP-PODCAST_2198_0210.wav"", ""MSP-PODCAST_2198_0211.wav"", ""MSP-PODCAST_2198_0212.wav"", ""MSP-PODCAST_2198_0213.wav""]",neutral,neutral,happy,positive,happy,positive,neutral,neutral,neutral,neutral,"[[0, 8], [11, 14], [23, 34]]","[[7, 11]]","[[0, 2]]",[],"[[0, 11], [11, 23], [23, 28], [28, 34]]","[0, 11]","[11, 14]","[14, 23]","[23, 28]","[28, 34]"
MSP-PODCAST_0715_0403.wav,"[""MSP-PODCAST_0715_0403.wav"", ""MSP-PODCAST_0715_0404.wav""]",neutral,neutral,contempt,negative,neutral,neutral,neutral,neutral,fear,negative,"[[2, 8], [42, 47]]","[[2, 6], [39, 46]]","[[10, 14], [42, 47]]","[[3, 7], [39, 47]]","[[0, 39], [39, 47]]","[0, 9]","[9, 24]","[24, 39]","[39, 42]","[42, 47]"
MSP-PODCAST_0114_0269.wav,"[""MSP-PODCAST_0114_0269.wav"", ""MSP-PODCAST_0114_0270.wav"", ""MSP-PODCAST_0114_0271.wav"", ""MSP-PODCAST_0114_0272.wav"", ""MSP-PODCAST_0114_0273.wav""]",neutral,neutral,happy,positive,sad,negative,happy,positive,neutral,neutral,"[[1, 5], [61, 64]]","[[1, 5], [62, 64]]","[[0, 8]]",[],"[[0, 14], [14, 39], [39, 56], [56, 64], [64, 73]]","[0, 14]","[14, 39]","[39, 56]","[56, 64]","[64, 73]"
MSP-PODCAST_0281_0069.wav,"[""MSP-PODCAST_0281_0069.wav"", ""MSP-PODCAST_0281_0070.wav"", ""MSP-PODCAST_0281_0071.wav"", ""MSP-PODCAST_0281_0072.wav""]",neutral,neutral,neutral,neutral,neutral,neutral,happy,positive,happy,positive,"[[38, 42], [52, 60]]","[[0, 9], [38, 41]]","[[0, 2]]","[[18, 25], [27, 37], [61, 62]]","[[0, 9], [9, 25], [25, 37], [37, 62]]","[0, 9]","[12, 25]","[27, 37]","[38, 60]","[61, 62]"
MSP-PODCAST_0498_0445.wav,"[""MSP-PODCAST_0498_0445.wav"", ""MSP-PODCAST_0498_0446.wav"", ""MSP-PODCAST_0498_0447.wav""]",neutral,neutral,neutral,neutral,surprise,positive,happy,positive,happy,positive,"[[2, 10], [23, 25]]","[[5, 10], [27, 32]]","[[23, 25]]","[[23, 25], [47, 49]]","[[0, 23], [23, 49], [49, 68]]","[1, 23]","[23, 32]","[32, 44]","[44, 49]","[49, 68]"
MSP-PODCAST_0147_0273.wav,"[""MSP-PODCAST_0147_0273.wav"", ""MSP-PODCAST_0147_0274.wav""]",angry,negative,neutral,neutral,surprise,neutral,neutral,neutral,contempt,negative,"[[16, 18], [30, 33]]","[[9, 13], [16, 19], [24, 26], [30, 33]]","[[17, 18]]","[[0, 2], [16, 18]]","[[0, 24], [24, 35]]","[0, 2]","[2, 9]","[9, 16]","[16, 24]","[24, 33]"
MSP-PODCAST_0047_0236.wav,"[""MSP-PODCAST_0047_0236.wav"", ""MSP-PODCAST_0047_0237.wav"", ""MSP-PODCAST_0047_0238.wav"", ""MSP-PODCAST_0047_0239.wav"", ""MSP-PODCAST_0047_0240.wav""]",neutral,neutral,sad,negative,sad,negative,sad,negative,sad,negative,"[[44, 48]]",[],"[[2, 8]]","[[31, 33], [41, 43]]","[[0, 8], [8, 25], [25, 34], [34, 43], [43, 56]]","[0, 8]","[8, 25]","[25, 33]","[34, 43]","[43, 48]"
MSP-PODCAST_0190_0060.wav,"[""MSP-PODCAST_0190_0060.wav"", ""MSP-PODCAST_0190_0061.wav"", ""MSP-PODCAST_0190_0062.wav"", ""MSP-PODCAST_0190_0063.wav""]",neutral,neutral,neutral,neutral,neutral,neutral,angry,negative,contempt,negative,"[[5, 10], [11, 17], [41, 46]]","[[10, 17], [37, 46]]","[[13, 17]]","[[0, 10], [11, 14], [37, 46]]","[[0, 10], [10, 17], [17, 30], [30, 46]]","[0, 10]","[10, 17]","[18, 30]","[30, 37]","[37, 46]"
MSP-PODCAST_2199_0248.wav,"[""MSP-PODCAST_2199_0248.wav"", ""MSP-PODCAST_2199_0249.wav"", ""MSP-PODCAST_2199_0250.wav""]",neutral,neutral,neutral,neutral,surprise,positive,neutral,neutral,neutral,neutral,"[[4, 10]]","[[6, 10]]",[],"[[1, 10]]","[[0, 3], [3, 10], [10, 16]]","[1, 3]","[3, 4]","[4, 6]","[6, 10]",[]
MSP-PODCAST_0295_0632.wav,"[""MSP-PODCAST_0295_0632.wav"", ""MSP-PODCAST_0295_0633.wav"", ""MSP-PODCAST_0295_0634.wav"", ""MSP-PODCAST_0295_0635.wav""]",happy,positive,contempt,negative,neutral,neutral,happy,positive,neutral,neutral,"[[9, 23], [36, 41]]","[[12, 16], [36, 48]]","[[12, 15], [38, 41]]","[[12, 23], [39, 40]]","[[0, 12], [12, 23], [23, 36], [36, 48]]","[0, 12]","[12, 23]","[23, 36]","[36, 41]","[41, 48]"
MSP-PODCAST_0184_0382.wav,"[""MSP-PODCAST_0184_0382.wav"", ""MSP-PODCAST_0184_0383.wav"", ""MSP-PODCAST_0184_0384.wav"", ""MSP-PODCAST_0184_0385.wav""]",neutral,neutral,sad,negative,neutral,neutral,happy,positive,angry,negative,"[[28, 41]]",[],[],"[[67, 81]]","[[0, 28], [28, 50], [50, 60], [60, 81]]","[0, 28]","[28, 41]","[41, 50]","[51, 60]","[60, 81]"
MSP-PODCAST_0281_0108.wav,"[""MSP-PODCAST_0281_0108.wav"", ""MSP-PODCAST_0281_0109.wav"", ""MSP-PODCAST_0281_0110.wav""]",happy,positive,happy,positive,neutral,neutral,sad,negative,neutral,neutral,"[[22, 29]]","[[29, 31]]",[],"[[12, 19]]","[[0, 20], [20, 29], [29, 35]]","[12, 15]","[16, 20]","[22, 29]","[29, 30]","[30, 31]"
MSP-PODCAST_2058_0165.wav,"[""MSP-PODCAST_2058_0165.wav"", ""MSP-PODCAST_2058_0166.wav"", ""MSP-PODCAST_2058_0167.wav""]",happy,positive,neutral,neutral,neutral,neutral,happy,positive,contempt,negative,"[[1, 18], [21, 24], [31, 42]]","[[38, 42]]","[[22, 24]]","[[11, 13]]","[[0, 18], [18, 40], [40, 63]]","[0, 13]","[13, 18]","[18, 24]","[24, 40]","[40, 42]"
MSP-PODCAST_0202_0005.wav,"[""MSP-PODCAST_0202_0005.wav"", ""MSP-PODCAST_0202_0006.wav"", ""MSP-PODCAST_0202_0007.wav""]",happy,positive,happy,positive,fear,negative,contempt,negative,neutral,neutral,[],"[[9, 35]]",[],"[[9, 24]]","[[0, 24], [24, 34], [34, 50]]","[0, 5]","[5, 9]","[9, 24]","[24, 34]","[34, 35]"
MSP-PODCAST_0114_0231.wav,"[""MSP-PODCAST_0114_0231.wav"", ""MSP-PODCAST_0114_0232.wav"", ""MSP-PODCAST_0114_0233.wav"", ""MSP-PODCAST_0114_0234.wav""]",sad,negative,neutral,neutral,happy,positive,surprise,negative,surprise,negative,"[[11, 17]]","[[53, 67]]",[],"[[13, 15], [57, 67]]","[[0, 17], [17, 29], [29, 44], [44, 67]]","[0, 11]","[11, 17]","[17, 29]","[29, 45]","[45, 67]"
MSP-PODCAST_0147_0255.wav,"[""MSP-PODCAST_0147_0255.wav"", ""MSP-PODCAST_0147_0256.wav"", ""MSP-PODCAST_0147_0257.wav"", ""MSP-PODCAST_0147_0258.wav""]",neutral,neutral,neutral,neutral,surprise,negative,fear,negative,sad,negative,"[[8, 12], [43, 52]]","[[29, 52]]","[[8, 12], [27, 29], [43, 46]]","[[8, 12], [43, 52]]","[[0, 12], [12, 29], [29, 42], [42, 63]]","[5, 8]","[8, 12]","[12, 29]","[29, 42]","[42, 52]"
MSP-PODCAST_0541_0291.wav,"[""MSP-PODCAST_0541_0291.wav"", ""MSP-PODCAST_0541_0292.wav""]",happy,positive,neutral,neutral,happy,positive,happy,positive,neutral,neutral,"[[15, 28]]","[[31, 40]]","[[20, 28], [32, 40]]","[[6, 21]]","[[0, 28], [28, 40]]","[0, 5]","[5, 21]","[21, 28]","[28, 32]","[32, 40]"
MSP-PODCAST_0772_0093.wav,"[""MSP-PODCAST_0772_0093.wav"", ""MSP-PODCAST_0772_0094.wav"", ""MSP-PODCAST_0772_0095.wav""]",neutral,neutral,surprise,positive,neutral,neutral,neutral,neutral,fear,negative,"[[4, 30]]","[[7, 15]]","[[15, 17], [22, 31]]","[[15, 30]]","[[0, 8], [8, 22], [22, 49]]","[0, 3]","[3, 8]","[8, 15]","[15, 22]","[22, 31]"
MSP-PODCAST_0722_0042.wav,"[""MSP-PODCAST_0722_0042.wav"", ""MSP-PODCAST_0722_0043.wav"", ""MSP-PODCAST_0722_0044.wav""]",neutral,neutral,contempt,negative,happy,positive,neutral,neutral,neutral,neutral,"[[0, 6], [13, 22], [31, 42]]","[[23, 38]]","[[4, 6], [23, 24]]","[[4, 22]]","[[0, 13], [13, 23], [23, 42]]","[0, 4]","[4, 13]","[13, 22]","[23, 24]","[23, 42]"
MSP-PODCAST_0184_0386.wav,"[""MSP-PODCAST_0184_0386.wav"", ""MSP-PODCAST_0184_0387.wav"", ""MSP-PODCAST_0184_0388.wav"", ""MSP-PODCAST_0184_0389.wav""]",neutral,neutral,surprise,positive,sad,negative,happy,positive,angry,negative,"[[32, 44]]","[[45, 74]]","[[31, 44]]","[[31, 44], [45, 63], [66, 74]]","[[0, 18], [18, 27], [27, 63], [63, 74]]","[0, 18]","[18, 27]","[27, 44]","[44, 63]","[63, 74]"
MSP-PODCAST_0147_0250.wav,"[""MSP-PODCAST_0147_0250.wav""]",happy,positive,sad,negative,happy,positive,happy,positive,neutral,neutral,"[[0, 7]]","[[0, 7]]","[[0, 7]]","[[3, 7], [17, 26]]","[[0, 26]]","[0, 7]","[7, 13]","[13, 17]","[17, 21]","[21, 26]"
MSP-PODCAST_0593_0160.wav,"[""MSP-PODCAST_0593_0160.wav""]",neutral,neutral,neutral,neutral,neutral,neutral,happy,positive,neutral,neutral,"[[0, 25], [26, 46]]","[[8, 25]]","[[35, 46]]","[[3, 8], [20, 25], [35, 43]]","[[0, 46]]","[0, 8]","[8, 14]","[14, 20]","[20, 25]","[25, 46]"
MSP-PODCAST_0190_0058.wav,"[""MSP-PODCAST_0190_0058.wav"", ""MSP-PODCAST_0190_0059.wav""]",neutral,neutral,neutral,neutral,neutral,neutral,fear,negative,neutral,neutral,"[[14, 17], [23, 26], [32, 41], [46, 66]]","[[23, 29]]","[[1, 2], [23, 26], [55, 66]]","[[1, 31]]","[[0, 26], [26, 66]]","[1, 14]","[14, 26]","[26, 55]","[55, 58]","[58, 66]"
MSP-PODCAST_0202_0024.wav,"[""MSP-PODCAST_0202_0024.wav"", ""MSP-PODCAST_0202_0025.wav"", ""MSP-PODCAST_0202_0026.wav"", ""MSP-PODCAST_0202_0027.wav""]",neutral,neutral,neutral,neutral,neutral,neutral,happy,positive,happy,positive,"[[24, 35], [43, 68], [72, 82]]","[[57, 69]]","[[41, 50], [76, 82]]","[[41, 58], [71, 82]]","[[0, 24], [24, 41], [41, 57], [57, 82]]","[0, 18]","[24, 41]","[41, 57]","[57, 68]","[68, 82]"
MSP-PODCAST_2198_0327.wav,"[""MSP-PODCAST_2198_0327.wav"", ""MSP-PODCAST_2198_0328.wav"", ""MSP-PODCAST_2198_0329.wav""]",neutral,neutral,happy,positive,neutral,neutral,sad,negative,sad,negative,"[[16, 34], [50, 54]]","[[42, 51]]","[[31, 34], [50, 54]]","[[14, 28]]","[[0, 16], [16, 34], [34, 58]]","[3, 14]","[14, 16]","[16, 31]","[31, 34]","[34, 58]"
MSP-PODCAST_0611_0120.wav,"[""MSP-PODCAST_0611_0120.wav"", ""MSP-PODCAST_0611_0121.wav""]",happy,positive,happy,positive,sad,negative,happy,positive,happy,positive,"[[5, 21], [25, 42]]","[[24, 42]]","[[15, 22], [34, 42]]","[[24, 30], [40, 42]]","[[0, 33], [33, 42]]","[0, 24]","[24, 33]","[33, 34]","[34, 39]","[39, 42]"
MSP-PODCAST_0575_0247.wav,"[""MSP-PODCAST_0575_0247.wav""]",sad,negative,neutral,neutral,neutral,neutral,happy,positive,sad,negative,"[[0, 11]]","[[7, 9], [11, 13], [16, 18]]","[[7, 9]]","[[7, 11]]","[[0, 26]]","[0, 7]","[7, 9]","[9, 11]","[11, 16]","[16, 26]"
MSP-PODCAST_0190_0010.wav,"[""MSP-PODCAST_0190_0010.wav"", ""MSP-PODCAST_0190_0011.wav""]",fear,negative,sad,negative,fear,negative,fear,negative,sad,negative,"[[23, 39]]","[[30, 35]]","[[34, 35]]","[[33, 35]]","[[0, 29], [29, 56]]","[10, 22]","[22, 30]","[30, 33]","[33, 39]","[39, 49]"
MSP-PODCAST_0190_0018.wav,"[""MSP-PODCAST_0190_0018.wav"", ""MSP-PODCAST_0190_0019.wav"", ""MSP-PODCAST_0190_0020.wav"", ""MSP-PODCAST_0190_0021.wav""]",happy,positive,sad,negative,neutral,neutral,sad,negative,sad,negative,"[[4, 8], [16, 26], [32, 42]]","[[5, 7]]","[[6, 7]]","[[5, 8]]","[[0, 15], [15, 32], [32, 42], [42, 49]]","[3, 8]","[8, 15]","[15, 32]","[32, 42]","[42, 49]"
MSP-PODCAST_0218_0078.wav,"[""MSP-PODCAST_0218_0078.wav"", ""MSP-PODCAST_0218_0079.wav""]",happy,positive,neutral,neutral,happy,positive,happy,positive,happy,positive,"[[3, 12]]","[[0, 2], [7, 10]]","[[14, 17]]","[[16, 17]]","[[0, 12], [12, 17]]","[0, 12]","[12, 14]","[14, 16]",[],"[16, 17]"
MSP-PODCAST_0081_0117.wav,"[""MSP-PODCAST_0081_0117.wav"", ""MSP-PODCAST_0081_0118.wav""]",neutral,neutral,fear,negative,neutral,neutral,neutral,neutral,neutral,neutral,"[[20, 35]]","[[20, 23]]","[[21, 23]]","[[21, 23]]","[[0, 35], [35, 54]]","[0, 12]","[13, 18]","[18, 35]","[35, 41]","[43, 54]"
MSP-PODCAST_0190_0016.wav,"[""MSP-PODCAST_0190_0016.wav"", ""MSP-PODCAST_0190_0017.wav"", ""MSP-PODCAST_0190_0018.wav""]",neutral,neutral,neutral,neutral,angry,negative,angry,negative,angry,negative,"[[25, 34]]","[[12, 15], [25, 31]]","[[12, 15]]",[],"[[0, 15], [15, 31], [31, 46]]","[0, 12]","[12, 15]","[15, 25]","[25, 31]","[31, 34]"
MSP-PODCAST_2198_0214.wav,"[""MSP-PODCAST_2198_0214.wav"", ""MSP-PODCAST_2198_0215.wav"", ""MSP-PODCAST_2198_0216.wav"", ""MSP-PODCAST_2198_0217.wav"", ""MSP-PODCAST_2198_0218.wav""]",sad,negative,neutral,neutral,neutral,neutral,surprise,negative,happy,positive,"[[30, 45], [48, 64]]","[[48, 50]]",[],"[[48, 50]]","[[0, 6], [6, 19], [19, 30], [30, 45], [45, 64]]","[0, 6]","[6, 15]","[19, 30]","[30, 45]","[45, 64]"
MSP-PODCAST_0218_0105.wav,"[""MSP-PODCAST_0218_0105.wav""]",disgust,negative,disgust,negative,sad,negative,disgust,negative,disgust,negative,"[[3, 10]]","[[6, 7]]","[[10, 12]]","[[6, 7]]","[[0, 12]]","[0, 1]","[1, 3]","[3, 10]","[10, 12]",[]
MSP-PODCAST_0281_0102.wav,"[""MSP-PODCAST_0281_0102.wav"", ""MSP-PODCAST_0281_0103.wav"", ""MSP-PODCAST_0281_0104.wav""]",happy,positive,happy,positive,neutral,neutral,happy,positive,happy,positive,"[[4, 9]]",[],[],[],"[[0, 9], [9, 13], [13, 24]]",[],"[4, 9]",[],"[11, 13]","[13, 24]"
MSP-PODCAST_0584_0092.wav,"[""MSP-PODCAST_0584_0092.wav""]",neutral,neutral,sad,negative,neutral,neutral,sad,negative,happy,positive,"[[0, 5], [13, 16], [24, 33]]","[[24, 26]]","[[15, 16]]","[[13, 16]]","[[0, 33]]","[0, 5]","[5, 16]","[16, 23]","[24, 29]","[29, 33]"
MSP-PODCAST_0202_0002.wav,"[""MSP-PODCAST_0202_0002.wav"", ""MSP-PODCAST_0202_0003.wav"", ""MSP-PODCAST_0202_0004.wav""]",happy,positive,happy,positive,happy,positive,neutral,neutral,sad,negative,"[[7, 20], [27, 37]]","[[4, 6], [13, 17], [21, 23], [27, 29]]","[[27, 33]]","[[13, 20], [27, 34]]","[[0, 4], [4, 26], [26, 37]]","[0, 3]","[3, 4]","[4, 13]","[13, 26]","[26, 37]"
MSP-PODCAST_2199_0366.wav,"[""MSP-PODCAST_2199_0366.wav"", ""MSP-PODCAST_2199_0367.wav"", ""MSP-PODCAST_2199_0368.wav""]",angry,negative,happy,positive,neutral,neutral,happy,positive,happy,positive,"[[0, 5], [16, 26]]","[[0, 2], [25, 30]]","[[27, 35]]",[],"[[0, 9], [9, 28], [28, 52]]","[0, 5]","[5, 9]","[11, 14]","[16, 26]","[27, 35]"
MSP-PODCAST_0114_0274.wav,"[""MSP-PODCAST_0114_0274.wav"", ""MSP-PODCAST_0114_0275.wav"", ""MSP-PODCAST_0114_0276.wav"", ""MSP-PODCAST_0114_0277.wav"", ""MSP-PODCAST_0114_0278.wav""]",angry,negative,happy,positive,neutral,neutral,neutral,neutral,contempt,negative,"[[0, 16]]","[[6, 8], [17, 19]]",[],[],"[[0, 16], [16, 31], [31, 49], [49, 63], [63, 79]]","[0, 16]","[16, 31]","[32, 49]","[49, 63]","[63, 79]"
MSP-PODCAST_0114_0185.wav,"[""MSP-PODCAST_0114_0185.wav"", ""MSP-PODCAST_0114_0186.wav"", ""MSP-PODCAST_0114_0187.wav"", ""MSP-PODCAST_0114_0188.wav"", ""MSP-PODCAST_0114_0189.wav""]",surprise,positive,neutral,neutral,neutral,neutral,fear,negative,sad,negative,"[[17, 21], [33, 47]]","[[18, 21], [35, 44]]","[[18, 21], [66, 69], [84, 88]]","[[18, 21], [35, 37], [44, 47], [66, 74], [87, 88]]","[[0, 21], [21, 47], [47, 54], [54, 66], [66, 96]]","[0, 21]","[21, 47]","[47, 54]","[54, 66]","[66, 90]"
MSP-PODCAST_0772_0095.wav,"[""MSP-PODCAST_0772_0095.wav"", ""MSP-PODCAST_0772_0096.wav""]",fear,negative,neutral,neutral,happy,positive,neutral,neutral,happy,positive,"[[21, 51]]","[[21, 27], [28, 32], [46, 51]]","[[22, 27], [29, 32], [36, 42]]","[[24, 27], [30, 31], [38, 41], [47, 51]]","[[0, 27], [27, 51]]","[9, 27]","[27, 29]","[29, 32]","[32, 36]","[36, 51]"
MSP-PODCAST_0184_0363.wav,"[""MSP-PODCAST_0184_0363.wav"", ""MSP-PODCAST_0184_0364.wav"", ""MSP-PODCAST_0184_0365.wav"", ""MSP-PODCAST_0184_0366.wav"", ""MSP-PODCAST_0184_0367.wav""]",happy,positive,happy,positive,neutral,neutral,happy,positive,neutral,neutral,"[[40, 47], [48, 57]]","[[43, 47]]","[[47, 57]]","[[15, 18], [44, 47], [52, 57], [59, 60], [70, 73]]","[[0, 22], [22, 47], [47, 57], [57, 67], [67, 82]]","[1, 22]","[22, 47]","[47, 57]","[57, 67]","[67, 82]"
MSP-PODCAST_0190_0011.wav,"[""MSP-PODCAST_0190_0011.wav""]",neutral,neutral,neutral,neutral,neutral,neutral,neutral,neutral,neutral,neutral,"[[4, 10], [12, 20]]","[[4, 10]]","[[5, 10]]","[[5, 6], [21, 24], [25, 27]]","[[0, 27]]","[1, 4]","[4, 10]","[10, 20]","[20, 24]","[24, 27]"
MSP-PODCAST_0700_0426.wav,"[""MSP-PODCAST_0700_0426.wav""]",neutral,neutral,neutral,neutral,neutral,neutral,happy,positive,neutral,neutral,"[[12, 27]]","[[12, 14]]","[[12, 27]]","[[4, 7], [13, 14], [17, 18], [21, 24]]","[[0, 27]]","[0, 3]","[4, 10]","[10, 18]","[18, 24]","[24, 27]"
MSP-PODCAST_0772_0111.wav,"[""MSP-PODCAST_0772_0111.wav"", ""MSP-PODCAST_0772_0112.wav""]",happy,positive,happy,positive,sad,negative,happy,positive,happy,positive,"[[0, 6], [10, 18], [20, 33], [37, 45], [46, 50]]","[[12, 14], [20, 33], [45, 50]]","[[10, 15], [18, 35]]","[[14, 15], [22, 24], [46, 50]]","[[0, 14], [14, 56]]","[0, 10]","[10, 14]","[14, 18]","[18, 35]","[35, 50]"
MSP-PODCAST_2198_0258.wav,"[""MSP-PODCAST_2198_0258.wav"", ""MSP-PODCAST_2198_0259.wav"", ""MSP-PODCAST_2198_0260.wav"", ""MSP-PODCAST_2198_0261.wav""]",happy,positive,happy,positive,happy,positive,happy,positive,happy,positive,"[[1, 6], [8, 15], [25, 27]]","[[7, 11], [25, 27]]","[[8, 16]]","[[3, 6], [25, 27]]","[[0, 6], [6, 15], [15, 25], [25, 34]]","[1, 6]","[6, 8]","[8, 15]","[15, 25]","[25, 27]"
MSP-PODCAST_0420_0128.wav,"[""MSP-PODCAST_0420_0128.wav""]",angry,negative,angry,negative,neutral,neutral,neutral,neutral,neutral,neutral,"[[6, 12], [17, 27]]","[[24, 27]]",[],"[[6, 8], [20, 24]]","[[0, 35]]","[6, 12]","[13, 14]","[16, 17]","[17, 24]","[24, 27]"
MSP-PODCAST_0047_0232.wav,"[""MSP-PODCAST_0047_0232.wav"", ""MSP-PODCAST_0047_0233.wav"", ""MSP-PODCAST_0047_0234.wav"", ""MSP-PODCAST_0047_0235.wav""]",neutral,neutral,neutral,neutral,neutral,neutral,neutral,neutral,happy,positive,"[[12, 21], [32, 48]]","[[17, 21]]","[[22, 48]]","[[17, 18], [33, 37], [44, 48]]","[[0, 21], [21, 31], [31, 48], [48, 63]]","[0, 21]","[21, 25]","[25, 31]","[31, 48]","[48, 63]"
MSP-PODCAST_0569_0034.wav,"[""MSP-PODCAST_0569_0034.wav"", ""MSP-PODCAST_0569_0035.wav""]",neutral,neutral,neutral,neutral,neutral,neutral,happy,positive,happy,positive,"[[23, 35], [48, 57]]","[[31, 35]]",[],"[[31, 35]]","[[0, 31], [31, 76]]","[0, 12]","[12, 31]","[31, 35]","[36, 47]","[47, 57]"
MSP-PODCAST_0047_0313.wav,"[""MSP-PODCAST_0047_0313.wav"", ""MSP-PODCAST_0047_0314.wav"", ""MSP-PODCAST_0047_0315.wav""]",happy,positive,neutral,neutral,neutral,neutral,happy,positive,neutral,neutral,[],"[[33, 36]]",[],"[[6, 8], [17, 18], [24, 26], [33, 36]]","[[0, 11], [11, 22], [22, 36]]","[0, 8]","[8, 11]","[11, 21]","[22, 26]","[26, 36]"
MSP-PODCAST_0114_0282.wav,"[""MSP-PODCAST_0114_0282.wav"", ""MSP-PODCAST_0114_0283.wav"", ""MSP-PODCAST_0114_0284.wav""]",happy,positive,happy,positive,happy,positive,happy,positive,happy,positive,"[[41, 56]]",[],[],"[[41, 48]]","[[0, 41], [41, 56], [56, 86]]","[0, 25]","[25, 30]","[30, 41]","[41, 56]","[56, 66]"
MSP-PODCAST_0081_0010.wav,"[""MSP-PODCAST_0081_0010.wav"", ""MSP-PODCAST_0081_0011.wav"", ""MSP-PODCAST_0081_0012.wav"", ""MSP-PODCAST_0081_0013.wav""]",happy,positive,happy,positive,happy,positive,happy,positive,happy,positive,[],"[[44, 45]]",[],[],"[[0, 6], [6, 16], [16, 42], [42, 47]]","[0, 2]","[4, 6]","[6, 16]","[17, 42]","[42, 47]"
MSP-PODCAST_0541_0266.wav,"[""MSP-PODCAST_0541_0266.wav"", ""MSP-PODCAST_0541_0267.wav""]",happy,positive,neutral,neutral,happy,positive,neutral,neutral,happy,positive,[],"[[25, 28]]",[],"[[25, 30]]","[[0, 23], [23, 44]]","[1, 3]","[3, 11]","[11, 22]","[23, 30]","[30, 44]"
MSP-PODCAST_0147_0223.wav,"[""MSP-PODCAST_0147_0223.wav"", ""MSP-PODCAST_0147_0224.wav"", ""MSP-PODCAST_0147_0225.wav"", ""MSP-PODCAST_0147_0226.wav"", ""MSP-PODCAST_0147_0227.wav""]",neutral,neutral,neutral,neutral,neutral,neutral,neutral,neutral,neutral,neutral,[],"[[2, 4]]",[],[],"[[0, 20], [20, 42], [42, 49], [49, 72], [72, 80]]","[0, 20]","[20, 42]","[42, 49]","[49, 72]","[72, 80]"
MSP-PODCAST_2199_0330.wav,"[""MSP-PODCAST_2199_0330.wav"", ""MSP-PODCAST_2199_0331.wav"", ""MSP-PODCAST_2199_0332.wav"", ""MSP-PODCAST_2199_0333.wav"", ""MSP-PODCAST_2199_0334.wav""]",happy,positive,happy,positive,happy,positive,happy,positive,happy,positive,[],[],[],"[[1, 7]]","[[0, 20], [20, 27], [27, 34], [34, 38], [38, 44]]","[1, 20]","[20, 26]","[26, 32]","[35, 38]",[]
MSP-PODCAST_0190_0083.wav,"[""MSP-PODCAST_0190_0083.wav"", ""MSP-PODCAST_0190_0084.wav"", ""MSP-PODCAST_0190_0085.wav""]",neutral,neutral,happy,positive,neutral,neutral,neutral,neutral,neutral,neutral,[],"[[43, 47]]",[],[],"[[0, 30], [30, 57], [57, 83]]","[0, 15]","[15, 30]","[30, 47]","[47, 57]","[57, 66]"
MSP-PODCAST_2198_0194.wav,"[""MSP-PODCAST_2198_0194.wav"", ""MSP-PODCAST_2198_0195.wav"", ""MSP-PODCAST_2198_0196.wav"", ""MSP-PODCAST_2198_0197.wav""]",neutral,neutral,neutral,neutral,fear,negative,neutral,neutral,neutral,neutral,[],"[[21, 27]]",[],"[[21, 27]]","[[0, 6], [6, 11], [11, 21], [21, 27]]","[0, 6]","[6, 11]","[12, 21]","[21, 24]","[24, 27]"
MSP-PODCAST_0190_0040.wav,"[""MSP-PODCAST_0190_0040.wav""]",neutral,neutral,neutral,neutral,happy,positive,happy,positive,sad,negative,[],"[[5, 9], [10, 14], [16, 21]]",[],"[[4, 14]]","[[0, 28]]","[0, 4]","[4, 9]","[9, 14]","[14, 21]","[21, 28]"
MSP-PODCAST_2199_0390.wav,"[""MSP-PODCAST_2199_0390.wav"", ""MSP-PODCAST_2199_0391.wav"", ""MSP-PODCAST_2199_0392.wav"", ""MSP-PODCAST_2199_0393.wav""]",sad,negative,sad,negative,sad,negative,happy,positive,happy,positive,[],"[[55, 57]]",[],[],"[[0, 4], [4, 30], [30, 44], [44, 57]]","[0, 3]","[5, 25]","[31, 35]","[36, 43]","[45, 57]"
MSP-PODCAST_2198_0324.wav,"[""MSP-PODCAST_2198_0324.wav"", ""MSP-PODCAST_2198_0325.wav"", ""MSP-PODCAST_2198_0326.wav"", ""MSP-PODCAST_2198_0327.wav""]",sad,negative,sad,negative,happy,positive,happy,positive,sad,negative,[],[],[],[],"[[0, 7], [7, 13], [13, 20], [20, 36]]","[1, 7]","[7, 13]","[13, 17]","[17, 20]","[20, 23]"
MSP-PODCAST_2199_0422.wav,"[""MSP-PODCAST_2199_0422.wav"", ""MSP-PODCAST_2199_0423.wav""]",neutral,neutral,neutral,neutral,neutral,neutral,angry,negative,happy,positive,[],"[[5, 11]]",[],"[[11, 13]]","[[0, 11], [11, 19]]","[1, 3]","[5, 11]",[],"[11, 13]","[13, 19]"
MSP-PODCAST_0281_0058.wav,"[""MSP-PODCAST_0281_0058.wav"", ""MSP-PODCAST_0281_0059.wav"", ""MSP-PODCAST_0281_0060.wav"", ""MSP-PODCAST_0281_0061.wav""]",angry,negative,neutral,neutral,neutral,neutral,happy,positive,surprise,positive,[],"[[14, 16], [31, 35]]",[],"[[11, 13], [28, 48]]","[[0, 13], [13, 28], [28, 39], [39, 48]]","[0, 10]","[11, 13]","[13, 28]","[28, 39]","[39, 48]"
MSP-PODCAST_2199_0425.wav,"[""MSP-PODCAST_2199_0425.wav"", ""MSP-PODCAST_2199_0426.wav"", ""MSP-PODCAST_2199_0427.wav""]",neutral,neutral,neutral,neutral,neutral,neutral,neutral,neutral,neutral,neutral,[],[],[],"[[8, 13]]","[[0, 11], [11, 22], [22, 42]]","[1, 8]","[8, 11]","[11, 13]","[13, 22]","[22, 42]"
MSP-PODCAST_2198_0311.wav,"[""MSP-PODCAST_2198_0311.wav"", ""MSP-PODCAST_2198_0312.wav"", ""MSP-PODCAST_2198_0313.wav"", ""MSP-PODCAST_2198_0314.wav""]",neutral,neutral,neutral,neutral,neutral,neutral,neutral,neutral,neutral,neutral,"[[1, 17], [33, 41]]","[[2, 3]]","[[1, 5]]","[[2, 4]]","[[0, 17], [17, 26], [26, 36], [36, 50]]","[1, 5]","[5, 17]","[17, 26]","[26, 36]","[36, 41]"
MSP-PODCAST_1684_0059.wav,"[""MSP-PODCAST_1684_0059.wav"", ""MSP-PODCAST_1684_0060.wav""]",fear,negative,fear,negative,fear,negative,fear,negative,neutral,neutral,"[[3, 22]]","[[21, 22]]","[[3, 16]]","[[3, 5]]","[[0, 20], [20, 37]]","[0, 2]","[3, 5]","[6, 14]","[15, 20]","[20, 22]"
MSP-PODCAST_2199_0382.wav,"[""MSP-PODCAST_2199_0382.wav"", ""MSP-PODCAST_2199_0383.wav"", ""MSP-PODCAST_2199_0384.wav""]",fear,negative,fear,negative,neutral,neutral,neutral,neutral,happy,positive,"[[9, 16]]","[[17, 20]]","[[9, 20]]","[[10, 12], [17, 20]]","[[0, 9], [9, 16], [16, 28]]","[1, 9]","[9, 13]","[13, 16]","[17, 20]","[20, 28]"
MSP-PODCAST_0047_0296.wav,"[""MSP-PODCAST_0047_0296.wav"", ""MSP-PODCAST_0047_0297.wav"", ""MSP-PODCAST_0047_0298.wav""]",happy,positive,sad,negative,happy,positive,happy,positive,happy,positive,"[[10, 22], [29, 37]]","[[31, 34]]","[[10, 16]]",[],"[[0, 12], [12, 25], [25, 37]]","[1, 10]","[10, 22]","[22, 25]","[25, 29]","[29, 37]"
MSP-PODCAST_0114_0284.wav,"[""MSP-PODCAST_0114_0284.wav"", ""MSP-PODCAST_0114_0285.wav"", ""MSP-PODCAST_0114_0286.wav""]",neutral,neutral,neutral,neutral,neutral,neutral,neutral,neutral,fear,negative,"[[13, 18], [29, 35], [40, 53]]","[[41, 45]]","[[30, 35]]","[[34, 35], [51, 52]]","[[0, 30], [30, 39], [39, 53]]","[2, 30]","[30, 35]","[35, 39]","[40, 45]","[45, 53]"
MSP-PODCAST_0147_0267.wav,"[""MSP-PODCAST_0147_0267.wav""]",neutral,neutral,neutral,neutral,neutral,neutral,neutral,neutral,neutral,neutral,"[[9, 17]]","[[10, 13]]","[[10, 17]]","[[11, 12], [13, 17]]","[[0, 17]]","[0, 5]","[5, 8]","[9, 10]","[10, 13]","[13, 17]"
MSP-PODCAST_0541_0271.wav,"[""MSP-PODCAST_0541_0271.wav"", ""MSP-PODCAST_0541_0272.wav""]",neutral,neutral,angry,negative,neutral,neutral,neutral,neutral,surprise,negative,"[[3, 22], [48, 58]]","[[54, 58]]","[[2, 12]]","[[4, 10], [43, 48]]","[[0, 28], [28, 72]]","[0, 2]","[2, 12]","[12, 28]","[28, 48]","[48, 58]"
MSP-PODCAST_0147_0234.wav,"[""MSP-PODCAST_0147_0234.wav"", ""MSP-PODCAST_0147_0235.wav""]",surprise,negative,neutral,neutral,happy,positive,happy,positive,neutral,neutral,"[[0, 13], [19, 29], [30, 40], [48, 56]]",[],"[[0, 14]]","[[14, 17]]","[[0, 40], [40, 71]]","[0, 13]","[13, 19]","[19, 29]","[29, 40]","[40, 56]"
MSP-PODCAST_0147_0231.wav,"[""MSP-PODCAST_0147_0231.wav"", ""MSP-PODCAST_0147_0232.wav"", ""MSP-PODCAST_0147_0233.wav""]",surprise,positive,neutral,neutral,neutral,neutral,fear,negative,neutral,neutral,"[[4, 12], [25, 38], [44, 50]]","[[26, 28]]","[[44, 50]]","[[11, 12], [44, 47]]","[[0, 12], [12, 31], [31, 50]]","[0, 12]","[12, 24]","[24, 31]","[31, 44]","[44, 50]"
